Sample ID,Feature Name,SHAP Value
0,particle_size_nm,-0.09595581889152527
0,drug_diffusion,-0.7792635560035706
0,nanoparticle_diffusion,0.20955480635166168
0,release_rate,-12.743075370788574
0,uptake_rate,0.5931181311607361
0,drug_loading,0.2029018998146057
0,tumor_growth_rate,5.861293315887451
0,drug_efficacy,19.025047302246094
1,particle_size_nm,-0.292093962430954
1,drug_diffusion,-0.45247283577919006
1,nanoparticle_diffusion,-0.12644802033901215
1,release_rate,6.1303558349609375
1,uptake_rate,-1.0264958143234253
1,drug_loading,1.608495831489563
1,tumor_growth_rate,-3.884148120880127
1,drug_efficacy,17.29334259033203
2,particle_size_nm,0.6073210835456848
2,drug_diffusion,-0.21901875734329224
2,nanoparticle_diffusion,-0.44416484236717224
2,release_rate,5.040431022644043
2,uptake_rate,0.06959643959999084
2,drug_loading,0.19626176357269287
2,tumor_growth_rate,22.85374641418457
2,drug_efficacy,-35.29478073120117
3,particle_size_nm,-0.4051632881164551
3,drug_diffusion,-0.2613557279109955
3,nanoparticle_diffusion,0.005015912931412458
3,release_rate,2.2002134323120117
3,uptake_rate,-0.7358648180961609
3,drug_loading,0.45830872654914856
3,tumor_growth_rate,22.17955780029297
3,drug_efficacy,-52.588523864746094
4,particle_size_nm,-0.22987762093544006
4,drug_diffusion,0.2167198210954666
4,nanoparticle_diffusion,-0.2850171625614166
4,release_rate,7.384794235229492
4,uptake_rate,0.7472778558731079
4,drug_loading,0.11373473703861237
4,tumor_growth_rate,5.290670394897461
4,drug_efficacy,14.103818893432617
5,particle_size_nm,-0.3138881325721741
5,drug_diffusion,0.25706610083580017
5,nanoparticle_diffusion,0.43414828181266785
5,release_rate,-6.608128547668457
5,uptake_rate,1.4820523262023926
5,drug_loading,0.33969953656196594
5,tumor_growth_rate,-6.0435471534729
5,drug_efficacy,21.667362213134766
6,particle_size_nm,0.06290477514266968
6,drug_diffusion,0.0011013501789420843
6,nanoparticle_diffusion,2.0090582370758057
6,release_rate,4.337490558624268
6,uptake_rate,1.4044030904769897
6,drug_loading,0.6535277366638184
6,tumor_growth_rate,-15.179229736328125
6,drug_efficacy,19.908729553222656
7,particle_size_nm,0.08368005603551865
7,drug_diffusion,0.3842294216156006
7,nanoparticle_diffusion,0.16612687706947327
7,release_rate,6.7414655685424805
7,uptake_rate,-0.15985453128814697
7,drug_loading,-0.7730395793914795
7,tumor_growth_rate,20.690221786499023
7,drug_efficacy,-2.2123186588287354
8,particle_size_nm,-0.19484886527061462
8,drug_diffusion,0.43911561369895935
8,nanoparticle_diffusion,-0.07419661432504654
8,release_rate,7.24608850479126
8,uptake_rate,-0.41383111476898193
8,drug_loading,0.613822340965271
8,tumor_growth_rate,-2.584515333175659
8,drug_efficacy,-16.087190628051758
9,particle_size_nm,-0.2403256744146347
9,drug_diffusion,-0.16577978432178497
9,nanoparticle_diffusion,-0.8219394087791443
9,release_rate,8.284172058105469
9,uptake_rate,-0.9373894333839417
9,drug_loading,0.22663965821266174
9,tumor_growth_rate,-26.32207489013672
9,drug_efficacy,2.987447500228882
10,particle_size_nm,-0.28200992941856384
10,drug_diffusion,-0.06237601488828659
10,nanoparticle_diffusion,0.20330776274204254
10,release_rate,-0.4721303880214691
10,uptake_rate,-0.5211140513420105
10,drug_loading,0.0678824782371521
10,tumor_growth_rate,14.066923141479492
10,drug_efficacy,16.630821228027344
11,particle_size_nm,-0.2332109957933426
11,drug_diffusion,-0.23537948727607727
11,nanoparticle_diffusion,-1.5968657732009888
11,release_rate,-2.0314645767211914
11,uptake_rate,0.9891595840454102
11,drug_loading,0.1729981005191803
11,tumor_growth_rate,7.399499893188477
11,drug_efficacy,9.196867942810059
12,particle_size_nm,0.04178251698613167
12,drug_diffusion,0.10483977198600769
12,nanoparticle_diffusion,-0.17832916975021362
12,release_rate,5.919477939605713
12,uptake_rate,1.1205569505691528
12,drug_loading,0.27263906598091125
12,tumor_growth_rate,16.380382537841797
12,drug_efficacy,-54.028690338134766
13,particle_size_nm,-0.3024211823940277
13,drug_diffusion,-0.11128266900777817
13,nanoparticle_diffusion,-0.10534414649009705
13,release_rate,6.15502405166626
13,uptake_rate,-0.44534024596214294
13,drug_loading,-0.11621173471212387
13,tumor_growth_rate,12.595849990844727
13,drug_efficacy,10.275297164916992
14,particle_size_nm,0.33469218015670776
14,drug_diffusion,0.27805769443511963
14,nanoparticle_diffusion,-0.7665285468101501
14,release_rate,5.120377063751221
14,uptake_rate,-0.0701436698436737
14,drug_loading,0.8074489235877991
14,tumor_growth_rate,12.601041793823242
14,drug_efficacy,12.22283935546875
15,particle_size_nm,0.1754947006702423
15,drug_diffusion,0.7850432991981506
15,nanoparticle_diffusion,0.0053154476918280125
15,release_rate,-23.677412033081055
15,uptake_rate,1.157081127166748
15,drug_loading,0.16128838062286377
15,tumor_growth_rate,26.69974136352539
15,drug_efficacy,-9.162636756896973
16,particle_size_nm,-0.6249016523361206
16,drug_diffusion,-0.10032311081886292
16,nanoparticle_diffusion,0.32855716347694397
16,release_rate,0.11635846644639969
16,uptake_rate,0.9566071033477783
16,drug_loading,0.2409534603357315
16,tumor_growth_rate,20.638118743896484
16,drug_efficacy,6.1460041999816895
17,particle_size_nm,0.034516267478466034
17,drug_diffusion,0.3952617645263672
17,nanoparticle_diffusion,0.014188586734235287
17,release_rate,6.564626216888428
17,uptake_rate,-0.5288583040237427
17,drug_loading,0.26881057024002075
17,tumor_growth_rate,-27.27178192138672
17,drug_efficacy,2.702387571334839
18,particle_size_nm,-0.36214229464530945
18,drug_diffusion,0.2953854501247406
18,nanoparticle_diffusion,-0.04371314495801926
18,release_rate,6.851003170013428
18,uptake_rate,1.2386624813079834
18,drug_loading,-0.09140321612358093
18,tumor_growth_rate,-10.4808931350708
18,drug_efficacy,-36.28365707397461
19,particle_size_nm,-0.057683028280735016
19,drug_diffusion,0.012290745042264462
19,nanoparticle_diffusion,1.539524793624878
19,release_rate,6.05324649810791
19,uptake_rate,0.7050043344497681
19,drug_loading,-0.2788568437099457
19,tumor_growth_rate,14.057744979858398
19,drug_efficacy,9.58083724975586
20,particle_size_nm,0.734541654586792
20,drug_diffusion,-0.06455188244581223
20,nanoparticle_diffusion,-0.2515334188938141
20,release_rate,8.239364624023438
20,uptake_rate,-0.3798612952232361
20,drug_loading,-0.11042582988739014
20,tumor_growth_rate,-41.393943786621094
20,drug_efficacy,4.274415016174316
21,particle_size_nm,-0.22243286669254303
21,drug_diffusion,-0.3153842091560364
21,nanoparticle_diffusion,1.6440914869308472
21,release_rate,-1.8139005899429321
21,uptake_rate,-1.9132254123687744
21,drug_loading,-0.32756420969963074
21,tumor_growth_rate,-46.6706428527832
21,drug_efficacy,-1.563369870185852
22,particle_size_nm,-0.1971215158700943
22,drug_diffusion,-1.2511708736419678
22,nanoparticle_diffusion,1.3941575288772583
22,release_rate,-54.85017395019531
22,uptake_rate,2.146230936050415
22,drug_loading,-1.1282861232757568
22,tumor_growth_rate,-2.336303949356079
22,drug_efficacy,2.8301193714141846
23,particle_size_nm,-0.7295781373977661
23,drug_diffusion,0.09223508834838867
23,nanoparticle_diffusion,2.911851167678833
23,release_rate,-5.733641147613525
23,uptake_rate,1.2845501899719238
23,drug_loading,0.20735979080200195
23,tumor_growth_rate,-12.888375282287598
23,drug_efficacy,22.66290855407715
24,particle_size_nm,-0.07459069788455963
24,drug_diffusion,0.11599598824977875
24,nanoparticle_diffusion,0.5853727459907532
24,release_rate,3.0935280323028564
24,uptake_rate,1.5259071588516235
24,drug_loading,0.3638615012168884
24,tumor_growth_rate,-7.904712200164795
24,drug_efficacy,-17.717676162719727
25,particle_size_nm,-0.03618081659078598
25,drug_diffusion,0.11838854104280472
25,nanoparticle_diffusion,2.623666286468506
25,release_rate,-4.132779121398926
25,uptake_rate,1.363241195678711
25,drug_loading,0.33084407448768616
25,tumor_growth_rate,-4.259707450866699
25,drug_efficacy,21.71762466430664
26,particle_size_nm,1.0087933540344238
26,drug_diffusion,-0.1185634508728981
26,nanoparticle_diffusion,-1.050643801689148
26,release_rate,0.3371811807155609
26,uptake_rate,-0.28758588433265686
26,drug_loading,0.14994925260543823
26,tumor_growth_rate,23.664966583251953
26,drug_efficacy,-2.148507833480835
27,particle_size_nm,0.15686632692813873
27,drug_diffusion,0.13514044880867004
27,nanoparticle_diffusion,-0.3167967200279236
27,release_rate,5.814715385437012
27,uptake_rate,-0.8367130160331726
27,drug_loading,0.3740193247795105
27,tumor_growth_rate,-38.93156433105469
27,drug_efficacy,21.879714965820312
28,particle_size_nm,-0.6384650468826294
28,drug_diffusion,0.5021526217460632
28,nanoparticle_diffusion,0.12276531755924225
28,release_rate,7.4679083824157715
28,uptake_rate,-0.5985043048858643
28,drug_loading,0.3225216567516327
28,tumor_growth_rate,-3.217233419418335
28,drug_efficacy,-30.57878875732422
29,particle_size_nm,0.0034562270157039165
29,drug_diffusion,-0.14813223481178284
29,nanoparticle_diffusion,-1.3088377714157104
29,release_rate,4.846953868865967
29,uptake_rate,0.8027905821800232
29,drug_loading,0.27379801869392395
29,tumor_growth_rate,-37.10808563232422
29,drug_efficacy,-18.441375732421875
30,particle_size_nm,-0.34672197699546814
30,drug_diffusion,-0.2820805013179779
30,nanoparticle_diffusion,-1.4820314645767212
30,release_rate,0.5390788912773132
30,uptake_rate,0.7912222743034363
30,drug_loading,-0.28794342279434204
30,tumor_growth_rate,23.47890853881836
30,drug_efficacy,-0.9773381352424622
31,particle_size_nm,0.09214296191930771
31,drug_diffusion,-0.16314469277858734
31,nanoparticle_diffusion,-0.022177036851644516
31,release_rate,-0.9401277303695679
31,uptake_rate,-0.9129530191421509
31,drug_loading,-0.0582759752869606
31,tumor_growth_rate,22.631690979003906
31,drug_efficacy,0.4368303120136261
32,particle_size_nm,-0.19206677377223969
32,drug_diffusion,-1.014248251914978
32,nanoparticle_diffusion,2.171833038330078
32,release_rate,-57.95214080810547
32,uptake_rate,-2.121389865875244
32,drug_loading,-1.9584625959396362
32,tumor_growth_rate,6.839476108551025
32,drug_efficacy,17.387311935424805
33,particle_size_nm,0.01383147668093443
33,drug_diffusion,0.08557520806789398
33,nanoparticle_diffusion,-1.7535581588745117
33,release_rate,-3.8232626914978027
33,uptake_rate,1.2197294235229492
33,drug_loading,-0.3071397840976715
33,tumor_growth_rate,-27.135313034057617
33,drug_efficacy,7.232883453369141
34,particle_size_nm,-0.9238790273666382
34,drug_diffusion,-0.5092583298683167
34,nanoparticle_diffusion,-1.4773513078689575
34,release_rate,2.3187575340270996
34,uptake_rate,0.7564106583595276
34,drug_loading,0.3191308081150055
34,tumor_growth_rate,-23.33031463623047
34,drug_efficacy,24.686416625976562
35,particle_size_nm,-0.06534082442522049
35,drug_diffusion,-0.1350805014371872
35,nanoparticle_diffusion,0.34421199560165405
35,release_rate,7.2061591148376465
35,uptake_rate,0.6292653679847717
35,drug_loading,-0.22073665261268616
35,tumor_growth_rate,13.710142135620117
35,drug_efficacy,8.148618698120117
36,particle_size_nm,0.5315964221954346
36,drug_diffusion,0.42147213220596313
36,nanoparticle_diffusion,1.137252688407898
36,release_rate,4.651595592498779
36,uptake_rate,-0.6156707406044006
36,drug_loading,0.26444095373153687
36,tumor_growth_rate,22.863203048706055
36,drug_efficacy,-4.07817268371582
37,particle_size_nm,-0.22499586641788483
37,drug_diffusion,-0.09936360269784927
37,nanoparticle_diffusion,0.04495050013065338
37,release_rate,6.0644001960754395
37,uptake_rate,-0.6664787530899048
37,drug_loading,-1.7244669198989868
37,tumor_growth_rate,26.369033813476562
37,drug_efficacy,-33.35458755493164
38,particle_size_nm,-0.4368678629398346
38,drug_diffusion,0.23467151820659637
38,nanoparticle_diffusion,0.1690986603498459
38,release_rate,1.4066696166992188
38,uptake_rate,-1.6500613689422607
38,drug_loading,0.35207146406173706
38,tumor_growth_rate,13.577162742614746
38,drug_efficacy,14.08265495300293
39,particle_size_nm,0.16605763137340546
39,drug_diffusion,0.12146901339292526
39,nanoparticle_diffusion,0.4058116674423218
39,release_rate,8.945420265197754
39,uptake_rate,-1.8879978656768799
39,drug_loading,-0.048563309013843536
39,tumor_growth_rate,1.694313406944275
39,drug_efficacy,8.497081756591797
40,particle_size_nm,-0.047656141221523285
40,drug_diffusion,-0.12402195483446121
40,nanoparticle_diffusion,-0.8769711852073669
40,release_rate,-3.728215217590332
40,uptake_rate,-0.23103106021881104
40,drug_loading,0.3285868465900421
40,tumor_growth_rate,27.76421356201172
40,drug_efficacy,-10.98600959777832
41,particle_size_nm,-0.0030966182239353657
41,drug_diffusion,0.5825617909431458
41,nanoparticle_diffusion,-0.07038985937833786
41,release_rate,4.314646244049072
41,uptake_rate,1.187621831893921
41,drug_loading,0.2755320072174072
41,tumor_growth_rate,2.207313060760498
41,drug_efficacy,1.0465298891067505
42,particle_size_nm,-0.027007922530174255
42,drug_diffusion,-0.060912784188985825
42,nanoparticle_diffusion,-1.5115054845809937
42,release_rate,8.251326560974121
42,uptake_rate,-0.0606222040951252
42,drug_loading,0.3107282519340515
42,tumor_growth_rate,-42.63886642456055
42,drug_efficacy,20.697763442993164
43,particle_size_nm,-0.18125715851783752
43,drug_diffusion,0.10902544856071472
43,nanoparticle_diffusion,-1.791084885597229
43,release_rate,4.081931114196777
43,uptake_rate,0.9610769748687744
43,drug_loading,0.026331957429647446
43,tumor_growth_rate,-25.9262638092041
43,drug_efficacy,15.326250076293945
44,particle_size_nm,-0.0923440083861351
44,drug_diffusion,-0.09686968475580215
44,nanoparticle_diffusion,-0.17760437726974487
44,release_rate,-6.251282215118408
44,uptake_rate,-0.3079473376274109
44,drug_loading,0.2403116524219513
44,tumor_growth_rate,-36.00966262817383
44,drug_efficacy,13.356191635131836
45,particle_size_nm,0.25465115904808044
45,drug_diffusion,-0.920576274394989
45,nanoparticle_diffusion,0.10657791048288345
45,release_rate,4.598580360412598
45,uptake_rate,-0.5130060315132141
45,drug_loading,0.7363429665565491
45,tumor_growth_rate,13.425376892089844
45,drug_efficacy,-58.05147933959961
46,particle_size_nm,-0.1569758951663971
46,drug_diffusion,0.09007516503334045
46,nanoparticle_diffusion,-0.32699403166770935
46,release_rate,7.318011283874512
46,uptake_rate,1.1924357414245605
46,drug_loading,0.2502680718898773
46,tumor_growth_rate,-30.30872344970703
46,drug_efficacy,24.28183364868164
47,particle_size_nm,0.1460946798324585
47,drug_diffusion,-0.28820449113845825
47,nanoparticle_diffusion,1.519740343093872
47,release_rate,-30.352882385253906
47,uptake_rate,-0.5162795186042786
47,drug_loading,-0.036714594811201096
47,tumor_growth_rate,26.32033920288086
47,drug_efficacy,-48.721858978271484
48,particle_size_nm,0.7595052719116211
48,drug_diffusion,0.3817319869995117
48,nanoparticle_diffusion,-1.4168645143508911
48,release_rate,-0.26329267024993896
48,uptake_rate,0.9427635669708252
48,drug_loading,-0.2773231863975525
48,tumor_growth_rate,25.629831314086914
48,drug_efficacy,-8.529711723327637
49,particle_size_nm,1.1557697057724
49,drug_diffusion,0.1444033682346344
49,nanoparticle_diffusion,0.6545490622520447
49,release_rate,7.60122537612915
49,uptake_rate,-0.9530386328697205
49,drug_loading,0.22332018613815308
49,tumor_growth_rate,-36.868408203125
49,drug_efficacy,-17.703027725219727
50,particle_size_nm,-0.26994946599006653
50,drug_diffusion,-0.2483111470937729
50,nanoparticle_diffusion,4.885875225067139
50,release_rate,-43.2813606262207
50,uptake_rate,1.585566759109497
50,drug_loading,-0.043378595262765884
50,tumor_growth_rate,-20.816650390625
50,drug_efficacy,20.810115814208984
51,particle_size_nm,0.16225139796733856
51,drug_diffusion,0.16754856705665588
51,nanoparticle_diffusion,-1.3175033330917358
51,release_rate,-44.26276779174805
51,uptake_rate,0.7264794707298279
51,drug_loading,1.3666704893112183
51,tumor_growth_rate,18.12775230407715
51,drug_efficacy,12.843338966369629
52,particle_size_nm,-0.26412177085876465
52,drug_diffusion,0.08807878196239471
52,nanoparticle_diffusion,-1.2393622398376465
52,release_rate,6.016325950622559
52,uptake_rate,0.6639672517776489
52,drug_loading,-0.48578768968582153
52,tumor_growth_rate,18.229978561401367
52,drug_efficacy,4.304070472717285
53,particle_size_nm,0.034609049558639526
53,drug_diffusion,-0.18951302766799927
53,nanoparticle_diffusion,0.21965043246746063
53,release_rate,-39.127159118652344
53,uptake_rate,0.7942162156105042
53,drug_loading,-0.05590115860104561
53,tumor_growth_rate,23.932931900024414
53,drug_efficacy,-17.89817237854004
54,particle_size_nm,-0.5668391585350037
54,drug_diffusion,-0.668350100517273
54,nanoparticle_diffusion,-1.3361302614212036
54,release_rate,-18.37419891357422
54,uptake_rate,1.2944194078445435
54,drug_loading,-0.5737407803535461
54,tumor_growth_rate,-8.492422103881836
54,drug_efficacy,18.931711196899414
55,particle_size_nm,-0.20297123491764069
55,drug_diffusion,-0.36360156536102295
55,nanoparticle_diffusion,-0.480630099773407
55,release_rate,3.3511393070220947
55,uptake_rate,-0.44505560398101807
55,drug_loading,-0.1745956838130951
55,tumor_growth_rate,13.603755950927734
55,drug_efficacy,-53.749176025390625
56,particle_size_nm,0.25635430216789246
56,drug_diffusion,0.2922927439212799
56,nanoparticle_diffusion,0.3394527733325958
56,release_rate,6.473484516143799
56,uptake_rate,-0.12446097284555435
56,drug_loading,0.24999502301216125
56,tumor_growth_rate,14.200758934020996
56,drug_efficacy,9.02726936340332
57,particle_size_nm,0.2008771151304245
57,drug_diffusion,0.154692143201828
57,nanoparticle_diffusion,-0.31825488805770874
57,release_rate,5.046755313873291
57,uptake_rate,-0.6825981140136719
57,drug_loading,0.023155655711889267
57,tumor_growth_rate,-43.72333526611328
57,drug_efficacy,11.671374320983887
58,particle_size_nm,0.22643081843852997
58,drug_diffusion,0.23960688710212708
58,nanoparticle_diffusion,1.9662859439849854
58,release_rate,-2.0167007446289062
58,uptake_rate,-0.49483394622802734
58,drug_loading,-0.47243863344192505
58,tumor_growth_rate,-9.54276180267334
58,drug_efficacy,22.61174201965332
59,particle_size_nm,-0.7921875715255737
59,drug_diffusion,0.3513585329055786
59,nanoparticle_diffusion,0.5766134262084961
59,release_rate,7.262462615966797
59,uptake_rate,-0.9168294668197632
59,drug_loading,1.9291967153549194
59,tumor_growth_rate,-12.961685180664062
59,drug_efficacy,-34.12339782714844
60,particle_size_nm,0.16380001604557037
60,drug_diffusion,0.046455226838588715
60,nanoparticle_diffusion,-0.24130338430404663
60,release_rate,-36.88068389892578
60,uptake_rate,0.42127662897109985
60,drug_loading,-0.05123061686754227
60,tumor_growth_rate,15.327770233154297
60,drug_efficacy,18.68723487854004
61,particle_size_nm,-0.24122323095798492
61,drug_diffusion,-0.023657208308577538
61,nanoparticle_diffusion,0.22345630824565887
61,release_rate,7.592345237731934
61,uptake_rate,0.8994340300559998
61,drug_loading,0.25940731167793274
61,tumor_growth_rate,6.82381534576416
61,drug_efficacy,11.697265625
62,particle_size_nm,-0.033418815582990646
62,drug_diffusion,0.10455334186553955
62,nanoparticle_diffusion,0.05842607095837593
62,release_rate,7.445736408233643
62,uptake_rate,-0.6989198327064514
62,drug_loading,0.2880125045776367
62,tumor_growth_rate,0.34892112016677856
62,drug_efficacy,21.283906936645508
63,particle_size_nm,0.07155723124742508
63,drug_diffusion,-0.057266611605882645
63,nanoparticle_diffusion,1.6254596710205078
63,release_rate,2.281043529510498
63,uptake_rate,-1.3015878200531006
63,drug_loading,-0.28458598256111145
63,tumor_growth_rate,-46.940311431884766
63,drug_efficacy,15.318132400512695
64,particle_size_nm,-0.4980529248714447
64,drug_diffusion,0.26955586671829224
64,nanoparticle_diffusion,-0.8430466651916504
64,release_rate,8.721349716186523
64,uptake_rate,0.9739049077033997
64,drug_loading,-0.1906215399503708
64,tumor_growth_rate,-8.423535346984863
64,drug_efficacy,-38.83894348144531
65,particle_size_nm,0.20228156447410583
65,drug_diffusion,0.12167197465896606
65,nanoparticle_diffusion,0.46893730759620667
65,release_rate,5.931061744689941
65,uptake_rate,0.7522086501121521
65,drug_loading,0.2852189540863037
65,tumor_growth_rate,9.999504089355469
65,drug_efficacy,14.128130912780762
66,particle_size_nm,-0.806862473487854
66,drug_diffusion,-0.30443260073661804
66,nanoparticle_diffusion,-1.3606315851211548
66,release_rate,-1.786537766456604
66,uptake_rate,-0.4261685013771057
66,drug_loading,0.19339415431022644
66,tumor_growth_rate,-42.71845245361328
66,drug_efficacy,11.15841293334961
67,particle_size_nm,-0.15669408440589905
67,drug_diffusion,0.13208690285682678
67,nanoparticle_diffusion,-0.07596497237682343
67,release_rate,8.16013240814209
67,uptake_rate,-0.5117252469062805
67,drug_loading,0.2567134201526642
67,tumor_growth_rate,2.4847261905670166
67,drug_efficacy,13.167896270751953
68,particle_size_nm,0.1857202798128128
68,drug_diffusion,0.32742467522621155
68,nanoparticle_diffusion,-0.7181176543235779
68,release_rate,7.133744716644287
68,uptake_rate,0.586309552192688
68,drug_loading,0.1530919075012207
68,tumor_growth_rate,-8.155489921569824
68,drug_efficacy,-18.29448890686035
69,particle_size_nm,-0.037772681564092636
69,drug_diffusion,-0.11288192868232727
69,nanoparticle_diffusion,-0.9883056282997131
69,release_rate,5.02937650680542
69,uptake_rate,-0.6192020177841187
69,drug_loading,0.4097827076911926
69,tumor_growth_rate,-3.3900861740112305
69,drug_efficacy,22.37297821044922
70,particle_size_nm,0.1316099464893341
70,drug_diffusion,-0.10266602039337158
70,nanoparticle_diffusion,-0.8842330574989319
70,release_rate,5.448348045349121
70,uptake_rate,-0.7208863496780396
70,drug_loading,-0.43310248851776123
70,tumor_growth_rate,16.9290771484375
70,drug_efficacy,7.226086616516113
71,particle_size_nm,-0.08356373757123947
71,drug_diffusion,0.2930307686328888
71,nanoparticle_diffusion,-0.14651064574718475
71,release_rate,4.1934027671813965
71,uptake_rate,-0.24825897812843323
71,drug_loading,0.3105776906013489
71,tumor_growth_rate,22.87997817993164
71,drug_efficacy,-2.872389554977417
72,particle_size_nm,-0.09866617619991302
72,drug_diffusion,-0.1310405731201172
72,nanoparticle_diffusion,0.5360797047615051
72,release_rate,5.8008294105529785
72,uptake_rate,-0.18233753740787506
72,drug_loading,0.2148914933204651
72,tumor_growth_rate,14.197196960449219
72,drug_efficacy,9.94953727722168
73,particle_size_nm,0.017411883920431137
73,drug_diffusion,-1.1453379392623901
73,nanoparticle_diffusion,-0.05090048164129257
73,release_rate,9.58944320678711
73,uptake_rate,-0.49115023016929626
73,drug_loading,-0.14677909016609192
73,tumor_growth_rate,-40.53312301635742
73,drug_efficacy,2.314070701599121
74,particle_size_nm,-0.02296389266848564
74,drug_diffusion,-0.5399687886238098
74,nanoparticle_diffusion,0.17105475068092346
74,release_rate,7.272398948669434
74,uptake_rate,1.4330824613571167
74,drug_loading,-0.5035147666931152
74,tumor_growth_rate,3.338947296142578
74,drug_efficacy,20.941099166870117
75,particle_size_nm,0.6508131623268127
75,drug_diffusion,0.15128497779369354
75,nanoparticle_diffusion,0.26240310072898865
75,release_rate,5.896121978759766
75,uptake_rate,0.8272005915641785
75,drug_loading,-1.5611168146133423
75,tumor_growth_rate,12.638236999511719
75,drug_efficacy,9.543746948242188
76,particle_size_nm,0.3753787577152252
76,drug_diffusion,-1.2914544343948364
76,nanoparticle_diffusion,-1.1319072246551514
76,release_rate,7.688287258148193
76,uptake_rate,0.7419474124908447
76,drug_loading,0.15162628889083862
76,tumor_growth_rate,11.965442657470703
76,drug_efficacy,8.265443801879883
77,particle_size_nm,0.9269936084747314
77,drug_diffusion,-0.26675310730934143
77,nanoparticle_diffusion,0.3828899562358856
77,release_rate,7.942988395690918
77,uptake_rate,-1.089815616607666
77,drug_loading,-0.4557659327983856
77,tumor_growth_rate,-36.059730529785156
77,drug_efficacy,23.757293701171875
78,particle_size_nm,-0.34529319405555725
78,drug_diffusion,0.08189339935779572
78,nanoparticle_diffusion,-1.219770908355713
78,release_rate,5.60053014755249
78,uptake_rate,-0.3186306059360504
78,drug_loading,-0.24802401661872864
78,tumor_growth_rate,12.298638343811035
78,drug_efficacy,10.825445175170898
79,particle_size_nm,-0.34982171654701233
79,drug_diffusion,0.19568702578544617
79,nanoparticle_diffusion,-0.006614119280129671
79,release_rate,-12.681326866149902
79,uptake_rate,1.162523627281189
79,drug_loading,-0.1079995185136795
79,tumor_growth_rate,27.898883819580078
79,drug_efficacy,0.40158647298812866
80,particle_size_nm,-0.3359161913394928
80,drug_diffusion,0.9687515497207642
80,nanoparticle_diffusion,-0.8736638426780701
80,release_rate,7.640068054199219
80,uptake_rate,-0.38653045892715454
80,drug_loading,0.743640661239624
80,tumor_growth_rate,-14.516236305236816
80,drug_efficacy,25.502416610717773
81,particle_size_nm,0.09015996009111404
81,drug_diffusion,0.11379137635231018
81,nanoparticle_diffusion,0.4002634882926941
81,release_rate,7.843292713165283
81,uptake_rate,0.8369336128234863
81,drug_loading,0.068588025867939
81,tumor_growth_rate,8.264907836914062
81,drug_efficacy,15.6752347946167
82,particle_size_nm,-0.37334808707237244
82,drug_diffusion,-0.2015436440706253
82,nanoparticle_diffusion,0.05264256149530411
82,release_rate,-15.757392883300781
82,uptake_rate,-0.976475179195404
82,drug_loading,0.1641882061958313
82,tumor_growth_rate,28.79245948791504
82,drug_efficacy,-10.17531967163086
83,particle_size_nm,0.10875216871500015
83,drug_diffusion,-0.10618577897548676
83,nanoparticle_diffusion,-1.3870675563812256
83,release_rate,-30.06394386291504
83,uptake_rate,1.2181007862091064
83,drug_loading,-1.1315573453903198
83,tumor_growth_rate,16.796247482299805
83,drug_efficacy,-7.7685699462890625
84,particle_size_nm,0.1350739747285843
84,drug_diffusion,0.10532994568347931
84,nanoparticle_diffusion,0.9108921885490417
84,release_rate,8.673614501953125
84,uptake_rate,-0.400603711605072
84,drug_loading,0.3641534745693207
84,tumor_growth_rate,-3.787937641143799
84,drug_efficacy,16.530799865722656
85,particle_size_nm,-0.44289955496788025
85,drug_diffusion,-0.12537887692451477
85,nanoparticle_diffusion,0.08783987164497375
85,release_rate,-4.548382759094238
85,uptake_rate,-0.4510508179664612
85,drug_loading,-1.3556594848632812
85,tumor_growth_rate,23.710050582885742
85,drug_efficacy,-49.40540313720703
86,particle_size_nm,-0.2734013795852661
86,drug_diffusion,-0.10049732029438019
86,nanoparticle_diffusion,0.21378619968891144
86,release_rate,-11.073822021484375
86,uptake_rate,-0.6737504601478577
86,drug_loading,0.3586359918117523
86,tumor_growth_rate,24.493423461914062
86,drug_efficacy,-54.77092742919922
87,particle_size_nm,-0.0836658924818039
87,drug_diffusion,-0.1299753487110138
87,nanoparticle_diffusion,-0.2438362091779709
87,release_rate,-0.9987645149230957
87,uptake_rate,1.2649827003479004
87,drug_loading,-0.11337703466415405
87,tumor_growth_rate,-45.5197639465332
87,drug_efficacy,10.790072441101074
88,particle_size_nm,0.14489299058914185
88,drug_diffusion,0.04158966243267059
88,nanoparticle_diffusion,3.3296303749084473
88,release_rate,4.413078308105469
88,uptake_rate,1.5533010959625244
88,drug_loading,0.09739366918802261
88,tumor_growth_rate,10.089797019958496
88,drug_efficacy,11.336328506469727
89,particle_size_nm,-0.3913440704345703
89,drug_diffusion,0.3051290214061737
89,nanoparticle_diffusion,0.04591238498687744
89,release_rate,7.4967360496521
89,uptake_rate,-0.39793986082077026
89,drug_loading,0.32200777530670166
89,tumor_growth_rate,-18.671823501586914
89,drug_efficacy,23.186416625976562
90,particle_size_nm,0.5649406313896179
90,drug_diffusion,-0.3379589319229126
90,nanoparticle_diffusion,0.01628144271671772
90,release_rate,4.28851318359375
90,uptake_rate,-0.32282090187072754
90,drug_loading,-0.2959558963775635
90,tumor_growth_rate,2.3253583908081055
90,drug_efficacy,0.19784632325172424
91,particle_size_nm,-0.7590188980102539
91,drug_diffusion,-0.14217033982276917
91,nanoparticle_diffusion,-0.9945198893547058
91,release_rate,-54.15281295776367
91,uptake_rate,-0.35622745752334595
91,drug_loading,-1.9546672105789185
91,tumor_growth_rate,12.775897979736328
91,drug_efficacy,8.972512245178223
92,particle_size_nm,0.045132946223020554
92,drug_diffusion,-0.04964632913470268
92,nanoparticle_diffusion,-1.1498136520385742
92,release_rate,10.218240737915039
92,uptake_rate,-0.23496763408184052
92,drug_loading,-0.3657210171222687
92,tumor_growth_rate,-43.71681594848633
92,drug_efficacy,4.908707141876221
93,particle_size_nm,-0.3096376061439514
93,drug_diffusion,-0.2137070596218109
93,nanoparticle_diffusion,0.23515702784061432
93,release_rate,-30.69903564453125
93,uptake_rate,-0.9575645327568054
93,drug_loading,-0.11831335723400116
93,tumor_growth_rate,25.279672622680664
93,drug_efficacy,-28.345075607299805
94,particle_size_nm,-0.14276210963726044
94,drug_diffusion,-0.034627217799425125
94,nanoparticle_diffusion,0.856826663017273
94,release_rate,1.2963947057724
94,uptake_rate,-0.6099115014076233
94,drug_loading,-0.22379326820373535
94,tumor_growth_rate,6.7618088722229
94,drug_efficacy,18.570941925048828
95,particle_size_nm,0.3591894805431366
95,drug_diffusion,0.4857262074947357
95,nanoparticle_diffusion,0.012007342651486397
95,release_rate,8.592272758483887
95,uptake_rate,-0.38573214411735535
95,drug_loading,1.2546992301940918
95,tumor_growth_rate,-44.69859313964844
95,drug_efficacy,-12.803133964538574
96,particle_size_nm,-0.7841108441352844
96,drug_diffusion,0.008330325596034527
96,nanoparticle_diffusion,-0.23855069279670715
96,release_rate,-1.0189932584762573
96,uptake_rate,-0.5464457273483276
96,drug_loading,-0.5181102752685547
96,tumor_growth_rate,19.780508041381836
96,drug_efficacy,-39.686588287353516
97,particle_size_nm,0.7013205885887146
97,drug_diffusion,-0.3735194802284241
97,nanoparticle_diffusion,0.01438175793737173
97,release_rate,-3.9781546592712402
97,uptake_rate,-0.5082279443740845
97,drug_loading,0.3197471499443054
97,tumor_growth_rate,5.200688362121582
97,drug_efficacy,-27.155223846435547
98,particle_size_nm,-0.14658664166927338
98,drug_diffusion,-0.1921532303094864
98,nanoparticle_diffusion,0.8741506934165955
98,release_rate,-32.24240493774414
98,uptake_rate,-0.2789909243583679
98,drug_loading,-0.978255033493042
98,tumor_growth_rate,-11.727714538574219
98,drug_efficacy,15.94189167022705
99,particle_size_nm,-0.3506757915019989
99,drug_diffusion,-0.6202333569526672
99,nanoparticle_diffusion,0.3831636905670166
99,release_rate,-14.228639602661133
99,uptake_rate,0.5879714488983154
99,drug_loading,-0.7062675952911377
99,tumor_growth_rate,15.945475578308105
99,drug_efficacy,15.027459144592285
100,particle_size_nm,-0.1920006275177002
100,drug_diffusion,-0.08958066999912262
100,nanoparticle_diffusion,-0.1430666297674179
100,release_rate,6.6084184646606445
100,uptake_rate,0.9365490078926086
100,drug_loading,-1.9413471221923828
100,tumor_growth_rate,19.646007537841797
100,drug_efficacy,-8.28067684173584
101,particle_size_nm,0.5538082122802734
101,drug_diffusion,1.8551815748214722
101,nanoparticle_diffusion,-0.12204524129629135
101,release_rate,-42.57070541381836
101,uptake_rate,1.4346760511398315
101,drug_loading,-0.05457999184727669
101,tumor_growth_rate,21.01686668395996
101,drug_efficacy,2.6508586406707764
102,particle_size_nm,-0.0686376765370369
102,drug_diffusion,0.40895381569862366
102,nanoparticle_diffusion,1.283836007118225
102,release_rate,7.309200286865234
102,uptake_rate,-0.5263069868087769
102,drug_loading,-0.8090915083885193
102,tumor_growth_rate,12.337776184082031
102,drug_efficacy,-2.8470706939697266
103,particle_size_nm,-0.16549250483512878
103,drug_diffusion,0.05990620329976082
103,nanoparticle_diffusion,0.5297640562057495
103,release_rate,4.7404680252075195
103,uptake_rate,-0.7483316659927368
103,drug_loading,0.44075819849967957
103,tumor_growth_rate,11.876617431640625
103,drug_efficacy,12.347643852233887
104,particle_size_nm,-0.0002576602855697274
104,drug_diffusion,-0.12607845664024353
104,nanoparticle_diffusion,0.8335204720497131
104,release_rate,-2.6486499309539795
104,uptake_rate,0.46878525614738464
104,drug_loading,0.29222893714904785
104,tumor_growth_rate,-32.05440139770508
104,drug_efficacy,-12.78157901763916
105,particle_size_nm,0.08966349065303802
105,drug_diffusion,0.4999595284461975
105,nanoparticle_diffusion,1.137925386428833
105,release_rate,9.767844200134277
105,uptake_rate,-0.6779040694236755
105,drug_loading,0.16391947865486145
105,tumor_growth_rate,3.298211097717285
105,drug_efficacy,14.907523155212402
106,particle_size_nm,-0.2874084413051605
106,drug_diffusion,-0.9167481064796448
106,nanoparticle_diffusion,-0.837017834186554
106,release_rate,7.4009270668029785
106,uptake_rate,0.20863552391529083
106,drug_loading,-0.7610285878181458
106,tumor_growth_rate,-26.172704696655273
106,drug_efficacy,-7.158810615539551
107,particle_size_nm,-0.23741477727890015
107,drug_diffusion,0.07914456725120544
107,nanoparticle_diffusion,1.3963901996612549
107,release_rate,3.0498762130737305
107,uptake_rate,0.8544716835021973
107,drug_loading,-0.18752047419548035
107,tumor_growth_rate,22.903467178344727
107,drug_efficacy,-4.1622209548950195
108,particle_size_nm,-0.20945873856544495
108,drug_diffusion,0.207761749625206
108,nanoparticle_diffusion,0.8269560933113098
108,release_rate,7.725008964538574
108,uptake_rate,-0.8629298210144043
108,drug_loading,0.22426360845565796
108,tumor_growth_rate,14.962950706481934
108,drug_efficacy,4.2595648765563965
109,particle_size_nm,0.8477696180343628
109,drug_diffusion,0.42182525992393494
109,nanoparticle_diffusion,0.27836668491363525
109,release_rate,4.424749374389648
109,uptake_rate,2.291891098022461
109,drug_loading,-0.13041061162948608
109,tumor_growth_rate,-40.7551383972168
109,drug_efficacy,-14.809900283813477
110,particle_size_nm,-0.013407956808805466
110,drug_diffusion,-0.016652140766382217
110,nanoparticle_diffusion,0.3072100281715393
110,release_rate,6.8351287841796875
110,uptake_rate,0.7841426730155945
110,drug_loading,-0.16673338413238525
110,tumor_growth_rate,10.227914810180664
110,drug_efficacy,12.125784873962402
111,particle_size_nm,0.10920348763465881
111,drug_diffusion,-0.16374441981315613
111,nanoparticle_diffusion,-1.0802416801452637
111,release_rate,6.672985553741455
111,uptake_rate,-0.23003415763378143
111,drug_loading,0.1860661804676056
111,tumor_growth_rate,7.987318515777588
111,drug_efficacy,14.82701587677002
112,particle_size_nm,0.15982496738433838
112,drug_diffusion,0.36638739705085754
112,nanoparticle_diffusion,0.005978610832244158
112,release_rate,8.688285827636719
112,uptake_rate,1.0524895191192627
112,drug_loading,0.23180070519447327
112,tumor_growth_rate,1.9033104181289673
112,drug_efficacy,-4.864465713500977
113,particle_size_nm,-0.38951247930526733
113,drug_diffusion,0.22396762669086456
113,nanoparticle_diffusion,-0.8971851468086243
113,release_rate,-1.5748203992843628
113,uptake_rate,-0.39523762464523315
113,drug_loading,0.3143913447856903
113,tumor_growth_rate,25.3887882232666
113,drug_efficacy,-16.581022262573242
114,particle_size_nm,0.1457655131816864
114,drug_diffusion,0.029076790437102318
114,nanoparticle_diffusion,1.5195667743682861
114,release_rate,4.8282012939453125
114,uptake_rate,-0.6389362812042236
114,drug_loading,-0.20822930335998535
114,tumor_growth_rate,23.077383041381836
114,drug_efficacy,-4.544726371765137
115,particle_size_nm,-0.10356946289539337
115,drug_diffusion,-0.11995552480220795
115,nanoparticle_diffusion,-1.506279706954956
115,release_rate,-49.381919860839844
115,uptake_rate,-0.7349052429199219
115,drug_loading,-2.0465645790100098
115,tumor_growth_rate,25.519954681396484
115,drug_efficacy,3.5320944786071777
116,particle_size_nm,-0.1575877070426941
116,drug_diffusion,-0.2277977019548416
116,nanoparticle_diffusion,1.6632814407348633
116,release_rate,-6.692372798919678
116,uptake_rate,-0.6717098951339722
116,drug_loading,-0.4236321449279785
116,tumor_growth_rate,25.013858795166016
116,drug_efficacy,-42.443756103515625
117,particle_size_nm,0.3613581657409668
117,drug_diffusion,0.24641653895378113
117,nanoparticle_diffusion,-1.4299821853637695
117,release_rate,-30.057289123535156
117,uptake_rate,1.7038227319717407
117,drug_loading,-1.3151551485061646
117,tumor_growth_rate,12.42434310913086
117,drug_efficacy,2.0747756958007812
118,particle_size_nm,0.08705104142427444
118,drug_diffusion,0.15948398411273956
118,nanoparticle_diffusion,0.2843133807182312
118,release_rate,6.976547718048096
118,uptake_rate,0.641079306602478
118,drug_loading,0.3217878043651581
118,tumor_growth_rate,12.28657341003418
118,drug_efficacy,-2.867233991622925
119,particle_size_nm,0.09312686324119568
119,drug_diffusion,0.5765475034713745
119,nanoparticle_diffusion,-0.07114435732364655
119,release_rate,7.054444789886475
119,uptake_rate,-1.7768363952636719
119,drug_loading,-0.23213297128677368
119,tumor_growth_rate,9.526535034179688
119,drug_efficacy,15.156831741333008
120,particle_size_nm,-0.01119163166731596
120,drug_diffusion,-0.17598794400691986
120,nanoparticle_diffusion,2.075464963912964
120,release_rate,7.303628921508789
120,uptake_rate,0.1689014732837677
120,drug_loading,-0.95274418592453
120,tumor_growth_rate,-50.62092208862305
120,drug_efficacy,-3.7856342792510986
121,particle_size_nm,0.03197629749774933
121,drug_diffusion,0.10394381731748581
121,nanoparticle_diffusion,-0.6576440334320068
121,release_rate,3.9595589637756348
121,uptake_rate,0.8986399173736572
121,drug_loading,0.6047195196151733
121,tumor_growth_rate,19.543947219848633
121,drug_efficacy,4.0981903076171875
122,particle_size_nm,0.20403952896595
122,drug_diffusion,0.018006032332777977
122,nanoparticle_diffusion,-0.8061772584915161
122,release_rate,7.250958442687988
122,uptake_rate,1.0673829317092896
122,drug_loading,-0.2826927602291107
122,tumor_growth_rate,-56.2230224609375
122,drug_efficacy,-4.859172821044922
123,particle_size_nm,-0.24418219923973083
123,drug_diffusion,-0.009797459468245506
123,nanoparticle_diffusion,-0.9501834511756897
123,release_rate,6.611995220184326
123,uptake_rate,-0.22463299334049225
123,drug_loading,0.24471613764762878
123,tumor_growth_rate,8.613569259643555
123,drug_efficacy,15.349430084228516
124,particle_size_nm,0.2530074417591095
124,drug_diffusion,-0.0018314393237233162
124,nanoparticle_diffusion,-0.08654119819402695
124,release_rate,5.830889701843262
124,uptake_rate,-0.4027315676212311
124,drug_loading,-0.07379904389381409
124,tumor_growth_rate,13.355530738830566
124,drug_efficacy,9.966714859008789
125,particle_size_nm,0.638756275177002
125,drug_diffusion,0.15426400303840637
125,nanoparticle_diffusion,-0.01654958911240101
125,release_rate,7.9866838455200195
125,uptake_rate,-0.501277506351471
125,drug_loading,0.2658512592315674
125,tumor_growth_rate,8.685471534729004
125,drug_efficacy,13.520782470703125
126,particle_size_nm,-0.3014183044433594
126,drug_diffusion,-0.027661418542265892
126,nanoparticle_diffusion,2.728632688522339
126,release_rate,-3.928086519241333
126,uptake_rate,1.3684377670288086
126,drug_loading,0.07790044695138931
126,tumor_growth_rate,-9.987715721130371
126,drug_efficacy,-5.92543888092041
127,particle_size_nm,-0.6954176425933838
127,drug_diffusion,-0.36070549488067627
127,nanoparticle_diffusion,-0.24455295503139496
127,release_rate,6.739118576049805
127,uptake_rate,0.26790809631347656
127,drug_loading,-0.753348708152771
127,tumor_growth_rate,20.047883987426758
127,drug_efficacy,-17.95866584777832
128,particle_size_nm,-0.9011445641517639
128,drug_diffusion,0.41898512840270996
128,nanoparticle_diffusion,-0.12461944669485092
128,release_rate,8.199787139892578
128,uptake_rate,1.120499849319458
128,drug_loading,0.20703639090061188
128,tumor_growth_rate,-13.040497779846191
128,drug_efficacy,-33.862220764160156
129,particle_size_nm,-0.5771192312240601
129,drug_diffusion,0.1319160759449005
129,nanoparticle_diffusion,0.500924825668335
129,release_rate,8.977477073669434
129,uptake_rate,-1.1195074319839478
129,drug_loading,-0.19503599405288696
129,tumor_growth_rate,-25.96469497680664
129,drug_efficacy,15.021550178527832
130,particle_size_nm,-0.1029147356748581
130,drug_diffusion,-0.03127531334757805
130,nanoparticle_diffusion,0.17679041624069214
130,release_rate,6.797760486602783
130,uptake_rate,0.6023313999176025
130,drug_loading,0.34897783398628235
130,tumor_growth_rate,20.654800415039062
130,drug_efficacy,-15.343822479248047
131,particle_size_nm,-0.20351368188858032
131,drug_diffusion,0.19996735453605652
131,nanoparticle_diffusion,-1.0606765747070312
131,release_rate,6.69285774230957
131,uptake_rate,0.5764936804771423
131,drug_loading,0.30786240100860596
131,tumor_growth_rate,10.918318748474121
131,drug_efficacy,10.191813468933105
132,particle_size_nm,0.04247138649225235
132,drug_diffusion,0.255635529756546
132,nanoparticle_diffusion,-1.4781745672225952
132,release_rate,4.4395432472229
132,uptake_rate,0.7759321331977844
132,drug_loading,0.7339420914649963
132,tumor_growth_rate,12.406293869018555
132,drug_efficacy,14.576517105102539
133,particle_size_nm,-0.5941027998924255
133,drug_diffusion,0.15030713379383087
133,nanoparticle_diffusion,-1.0138787031173706
133,release_rate,3.2498435974121094
133,uptake_rate,-0.3342858552932739
133,drug_loading,0.27787497639656067
133,tumor_growth_rate,16.66034698486328
133,drug_efficacy,9.592090606689453
134,particle_size_nm,0.3665747344493866
134,drug_diffusion,-0.3802405893802643
134,nanoparticle_diffusion,-0.8046971559524536
134,release_rate,3.811709403991699
134,uptake_rate,0.3480484187602997
134,drug_loading,-0.7407859563827515
134,tumor_growth_rate,13.706531524658203
134,drug_efficacy,11.6365385055542
135,particle_size_nm,0.10594233870506287
135,drug_diffusion,0.12555094063282013
135,nanoparticle_diffusion,-0.3974086344242096
135,release_rate,3.9503886699676514
135,uptake_rate,-1.0386875867843628
135,drug_loading,0.156305193901062
135,tumor_growth_rate,-26.542919158935547
135,drug_efficacy,15.119564056396484
136,particle_size_nm,-0.005392904859036207
136,drug_diffusion,-0.07777450233697891
136,nanoparticle_diffusion,0.31131991744041443
136,release_rate,6.025033473968506
136,uptake_rate,0.13207656145095825
136,drug_loading,-0.7673681378364563
136,tumor_growth_rate,13.847925186157227
136,drug_efficacy,9.820085525512695
137,particle_size_nm,-0.316816121339798
137,drug_diffusion,0.016781948506832123
137,nanoparticle_diffusion,0.3439139425754547
137,release_rate,3.9669435024261475
137,uptake_rate,1.1888152360916138
137,drug_loading,0.16422206163406372
137,tumor_growth_rate,-8.720047950744629
137,drug_efficacy,-4.271152973175049
138,particle_size_nm,-0.2993265688419342
138,drug_diffusion,0.05988329276442528
138,nanoparticle_diffusion,0.8179110288619995
138,release_rate,-1.161811113357544
138,uptake_rate,-0.454750120639801
138,drug_loading,-0.3975888192653656
138,tumor_growth_rate,1.5985559225082397
138,drug_efficacy,23.295124053955078
139,particle_size_nm,0.5861932039260864
139,drug_diffusion,-0.039885520935058594
139,nanoparticle_diffusion,-0.301295667886734
139,release_rate,7.745455741882324
139,uptake_rate,1.064290165901184
139,drug_loading,0.37836867570877075
139,tumor_growth_rate,-49.362701416015625
139,drug_efficacy,-6.2619709968566895
140,particle_size_nm,-0.08901983499526978
140,drug_diffusion,0.6250636577606201
140,nanoparticle_diffusion,1.7006291151046753
140,release_rate,6.6309404373168945
140,uptake_rate,-0.4049304127693176
140,drug_loading,-0.0025508152320981026
140,tumor_growth_rate,3.1651041507720947
140,drug_efficacy,-13.798653602600098
141,particle_size_nm,0.1279623955488205
141,drug_diffusion,0.024475712329149246
141,nanoparticle_diffusion,0.5694386959075928
141,release_rate,4.3687591552734375
141,uptake_rate,-0.25680407881736755
141,drug_loading,-0.1044355109333992
141,tumor_growth_rate,25.049638748168945
141,drug_efficacy,-46.24040603637695
142,particle_size_nm,-0.06770022213459015
142,drug_diffusion,0.1508382260799408
142,nanoparticle_diffusion,0.07856584340333939
142,release_rate,4.367054462432861
142,uptake_rate,0.48142701387405396
142,drug_loading,-0.14561647176742554
142,tumor_growth_rate,11.972631454467773
142,drug_efficacy,12.448822975158691
143,particle_size_nm,-0.1262909322977066
143,drug_diffusion,0.0858093723654747
143,nanoparticle_diffusion,0.9428353309631348
143,release_rate,-6.7438154220581055
143,uptake_rate,1.1416606903076172
143,drug_loading,0.16102275252342224
143,tumor_growth_rate,-36.25196838378906
143,drug_efficacy,20.48067855834961
144,particle_size_nm,0.6670752763748169
144,drug_diffusion,0.036333780735731125
144,nanoparticle_diffusion,-0.2653590738773346
144,release_rate,8.327537536621094
144,uptake_rate,-0.4093472957611084
144,drug_loading,-0.19953498244285583
144,tumor_growth_rate,-1.8851693868637085
144,drug_efficacy,20.976152420043945
145,particle_size_nm,-0.20340080559253693
145,drug_diffusion,-0.7784321904182434
145,nanoparticle_diffusion,0.1141996830701828
145,release_rate,1.0384694337844849
145,uptake_rate,-0.8225836753845215
145,drug_loading,-0.09275959432125092
145,tumor_growth_rate,26.310550689697266
145,drug_efficacy,-9.963119506835938
146,particle_size_nm,0.16016468405723572
146,drug_diffusion,-0.10480178892612457
146,nanoparticle_diffusion,0.9317446947097778
146,release_rate,7.817999362945557
146,uptake_rate,-0.9450194835662842
146,drug_loading,-0.47772523760795593
146,tumor_growth_rate,-30.30516242980957
146,drug_efficacy,-16.499155044555664
147,particle_size_nm,-0.28002893924713135
147,drug_diffusion,0.2529236078262329
147,nanoparticle_diffusion,1.070997714996338
147,release_rate,-3.7623634338378906
147,uptake_rate,-0.5375089049339294
147,drug_loading,0.25903207063674927
147,tumor_growth_rate,10.320845603942871
147,drug_efficacy,-35.79316711425781
148,particle_size_nm,1.026036262512207
148,drug_diffusion,-0.1807016134262085
148,nanoparticle_diffusion,-0.0982772558927536
148,release_rate,-5.519418239593506
148,uptake_rate,-0.2990042269229889
148,drug_loading,-0.33144962787628174
148,tumor_growth_rate,21.814119338989258
148,drug_efficacy,-30.997934341430664
149,particle_size_nm,-0.31769007444381714
149,drug_diffusion,0.04419667646288872
149,nanoparticle_diffusion,0.591100811958313
149,release_rate,-40.23075485229492
149,uptake_rate,-0.46050789952278137
149,drug_loading,0.41135072708129883
149,tumor_growth_rate,23.564292907714844
149,drug_efficacy,0.7657885551452637
150,particle_size_nm,0.38259756565093994
150,drug_diffusion,-0.15968544781208038
150,nanoparticle_diffusion,-0.16259536147117615
150,release_rate,6.783622741699219
150,uptake_rate,-0.31155604124069214
150,drug_loading,0.6304143667221069
150,tumor_growth_rate,-4.363797664642334
150,drug_efficacy,-47.54195022583008
151,particle_size_nm,-0.18932005763053894
151,drug_diffusion,-1.1289876699447632
151,nanoparticle_diffusion,-1.1697880029678345
151,release_rate,-8.651421546936035
151,uptake_rate,-2.2092695236206055
151,drug_loading,0.38748985528945923
151,tumor_growth_rate,-29.148683547973633
151,drug_efficacy,21.292625427246094
152,particle_size_nm,0.06481426954269409
152,drug_diffusion,0.06570399552583694
152,nanoparticle_diffusion,0.053571656346321106
152,release_rate,5.103163719177246
152,uptake_rate,1.1197028160095215
152,drug_loading,-0.5974310040473938
152,tumor_growth_rate,23.74834442138672
152,drug_efficacy,-7.230340957641602
153,particle_size_nm,0.004479888826608658
153,drug_diffusion,-0.1778114140033722
153,nanoparticle_diffusion,1.4873976707458496
153,release_rate,6.757192611694336
153,uptake_rate,-1.1703330278396606
153,drug_loading,-1.085756540298462
153,tumor_growth_rate,10.333725929260254
153,drug_efficacy,7.248368740081787
154,particle_size_nm,-0.044858723878860474
154,drug_diffusion,0.22748060524463654
154,nanoparticle_diffusion,-0.20744429528713226
154,release_rate,7.840193271636963
154,uptake_rate,-0.2760200500488281
154,drug_loading,-0.8797615170478821
154,tumor_growth_rate,-9.837596893310547
154,drug_efficacy,21.35214614868164
155,particle_size_nm,-0.06564851850271225
155,drug_diffusion,-0.032216597348451614
155,nanoparticle_diffusion,-0.9963275194168091
155,release_rate,-6.542373180389404
155,uptake_rate,0.8854174613952637
155,drug_loading,0.4134882986545563
155,tumor_growth_rate,15.601787567138672
155,drug_efficacy,-45.81110763549805
156,particle_size_nm,0.2226841151714325
156,drug_diffusion,-0.16304898262023926
156,nanoparticle_diffusion,0.04383942857384682
156,release_rate,1.6948795318603516
156,uptake_rate,-0.6357153654098511
156,drug_loading,-0.20412135124206543
156,tumor_growth_rate,20.85901641845703
156,drug_efficacy,6.208888053894043
157,particle_size_nm,-0.07734306156635284
157,drug_diffusion,-0.10675650089979172
157,nanoparticle_diffusion,-0.9396276473999023
157,release_rate,6.877011775970459
157,uptake_rate,-0.5928128361701965
157,drug_loading,0.10964515805244446
157,tumor_growth_rate,16.42147445678711
157,drug_efficacy,6.197612285614014
158,particle_size_nm,0.735289454460144
158,drug_diffusion,-0.040776222944259644
158,nanoparticle_diffusion,-1.2647886276245117
158,release_rate,3.579115390777588
158,uptake_rate,-0.5828710198402405
158,drug_loading,0.32732564210891724
158,tumor_growth_rate,8.723455429077148
158,drug_efficacy,-1.1350488662719727
159,particle_size_nm,-0.028576167300343513
159,drug_diffusion,-0.8917114734649658
159,nanoparticle_diffusion,-0.644145131111145
159,release_rate,4.186470985412598
159,uptake_rate,0.9035571813583374
159,drug_loading,-0.824762761592865
159,tumor_growth_rate,24.31363296508789
159,drug_efficacy,-45.41987228393555
160,particle_size_nm,0.40186169743537903
160,drug_diffusion,-0.05935756489634514
160,nanoparticle_diffusion,0.7726504802703857
160,release_rate,8.781450271606445
160,uptake_rate,-0.5997821092605591
160,drug_loading,0.2108883261680603
160,tumor_growth_rate,1.6874874830245972
160,drug_efficacy,8.331513404846191
161,particle_size_nm,0.21876658499240875
161,drug_diffusion,-0.027002811431884766
161,nanoparticle_diffusion,0.374889999628067
161,release_rate,4.859103679656982
161,uptake_rate,-0.43535250425338745
161,drug_loading,-0.20027980208396912
161,tumor_growth_rate,-39.57765579223633
161,drug_efficacy,19.320091247558594
162,particle_size_nm,-0.6592977643013
162,drug_diffusion,-0.14840881526470184
162,nanoparticle_diffusion,-0.6790328621864319
162,release_rate,-18.254613876342773
162,uptake_rate,1.5130478143692017
162,drug_loading,-0.18041923642158508
162,tumor_growth_rate,-9.001059532165527
162,drug_efficacy,-3.686703681945801
163,particle_size_nm,-0.39229828119277954
163,drug_diffusion,0.6443048715591431
163,nanoparticle_diffusion,-1.1858091354370117
163,release_rate,0.9003832936286926
163,uptake_rate,0.4173090159893036
163,drug_loading,-0.2817533016204834
163,tumor_growth_rate,16.59834861755371
163,drug_efficacy,12.600971221923828
164,particle_size_nm,0.03601831942796707
164,drug_diffusion,-0.11934363842010498
164,nanoparticle_diffusion,0.41600465774536133
164,release_rate,6.8548264503479
164,uptake_rate,-0.4121970236301422
164,drug_loading,0.08126331865787506
164,tumor_growth_rate,1.702330470085144
164,drug_efficacy,-50.94511413574219
165,particle_size_nm,-0.0943126454949379
165,drug_diffusion,-0.09802603721618652
165,nanoparticle_diffusion,0.7124754786491394
165,release_rate,5.899145126342773
165,uptake_rate,0.0804053321480751
165,drug_loading,-0.6680744886398315
165,tumor_growth_rate,10.076478004455566
165,drug_efficacy,13.815831184387207
166,particle_size_nm,0.10101605951786041
166,drug_diffusion,0.12854613363742828
166,nanoparticle_diffusion,-0.07533525675535202
166,release_rate,7.593257427215576
166,uptake_rate,-0.35362502932548523
166,drug_loading,0.02129647135734558
166,tumor_growth_rate,5.495668411254883
166,drug_efficacy,10.087696075439453
167,particle_size_nm,-0.2338431179523468
167,drug_diffusion,0.16368547081947327
167,nanoparticle_diffusion,0.6042616367340088
167,release_rate,6.491488456726074
167,uptake_rate,-0.7913397550582886
167,drug_loading,0.06891922652721405
167,tumor_growth_rate,-10.444085121154785
167,drug_efficacy,19.27320671081543
168,particle_size_nm,0.6538992524147034
168,drug_diffusion,0.1041596531867981
168,nanoparticle_diffusion,1.595841646194458
168,release_rate,7.46504020690918
168,uptake_rate,1.592910885810852
168,drug_loading,0.2623857259750366
168,tumor_growth_rate,-13.481003761291504
168,drug_efficacy,-43.84010696411133
169,particle_size_nm,0.13263534009456635
169,drug_diffusion,-0.7437946796417236
169,nanoparticle_diffusion,0.7048949599266052
169,release_rate,5.823149681091309
169,uptake_rate,-1.7450177669525146
169,drug_loading,-0.14124590158462524
169,tumor_growth_rate,-24.75303077697754
169,drug_efficacy,6.977819442749023
170,particle_size_nm,-0.02126699686050415
170,drug_diffusion,0.06138991937041283
170,nanoparticle_diffusion,3.6309025287628174
170,release_rate,-2.210782289505005
170,uptake_rate,-1.4899330139160156
170,drug_loading,-0.012141157872974873
170,tumor_growth_rate,-53.74993133544922
170,drug_efficacy,9.231637954711914
171,particle_size_nm,0.18875809013843536
171,drug_diffusion,-0.05342954024672508
171,nanoparticle_diffusion,0.19079968333244324
171,release_rate,6.064299583435059
171,uptake_rate,0.6291089057922363
171,drug_loading,-0.6967060565948486
171,tumor_growth_rate,22.831979751586914
171,drug_efficacy,-7.293304920196533
172,particle_size_nm,-0.6244586110115051
172,drug_diffusion,-0.33994707465171814
172,nanoparticle_diffusion,0.061936356127262115
172,release_rate,-28.13129234313965
172,uptake_rate,1.4427348375320435
172,drug_loading,-0.8599402904510498
172,tumor_growth_rate,25.46014976501465
172,drug_efficacy,-20.789344787597656
173,particle_size_nm,-0.25452524423599243
173,drug_diffusion,-0.8781111240386963
173,nanoparticle_diffusion,-1.264945387840271
173,release_rate,-3.243098020553589
173,uptake_rate,0.8786277174949646
173,drug_loading,-0.3129679262638092
173,tumor_growth_rate,24.86147117614746
173,drug_efficacy,-5.773235321044922
174,particle_size_nm,0.1885879933834076
174,drug_diffusion,0.17451953887939453
174,nanoparticle_diffusion,-1.7995809316635132
174,release_rate,-7.045249938964844
174,uptake_rate,-0.2873675227165222
174,drug_loading,-0.6277618408203125
174,tumor_growth_rate,-16.002735137939453
174,drug_efficacy,18.837003707885742
175,particle_size_nm,0.05090784281492233
175,drug_diffusion,-0.17253394424915314
175,nanoparticle_diffusion,-0.28514420986175537
175,release_rate,-2.0130228996276855
175,uptake_rate,0.4965397119522095
175,drug_loading,0.3357830345630646
175,tumor_growth_rate,5.7418622970581055
175,drug_efficacy,20.062564849853516
176,particle_size_nm,-0.027186106890439987
176,drug_diffusion,0.027082059532403946
176,nanoparticle_diffusion,1.2460155487060547
176,release_rate,-6.019670009613037
176,uptake_rate,-0.7044103741645813
176,drug_loading,0.24879881739616394
176,tumor_growth_rate,-24.444965362548828
176,drug_efficacy,4.624837875366211
177,particle_size_nm,-0.09405745565891266
177,drug_diffusion,-0.09262723475694656
177,nanoparticle_diffusion,3.317436695098877
177,release_rate,3.760662794113159
177,uptake_rate,1.3969568014144897
177,drug_loading,0.5417656898498535
177,tumor_growth_rate,9.146641731262207
177,drug_efficacy,18.4158878326416
178,particle_size_nm,0.009802903048694134
178,drug_diffusion,0.542387068271637
178,nanoparticle_diffusion,0.20587961375713348
178,release_rate,4.328746318817139
178,uptake_rate,-0.4779428243637085
178,drug_loading,0.21899276971817017
178,tumor_growth_rate,7.255136966705322
178,drug_efficacy,0.7712600231170654
179,particle_size_nm,0.4223344922065735
179,drug_diffusion,0.2466159462928772
179,nanoparticle_diffusion,-1.2392910718917847
179,release_rate,-1.4013175964355469
179,uptake_rate,-0.4319963753223419
179,drug_loading,-0.43912237882614136
179,tumor_growth_rate,17.040897369384766
179,drug_efficacy,1.3247116804122925
180,particle_size_nm,-0.0012570113176479936
180,drug_diffusion,-1.096328854560852
180,nanoparticle_diffusion,2.0964980125427246
180,release_rate,5.080923557281494
180,uptake_rate,1.0950580835342407
180,drug_loading,0.2791025936603546
180,tumor_growth_rate,-0.2959527373313904
180,drug_efficacy,3.34297251701355
181,particle_size_nm,-0.5520975589752197
181,drug_diffusion,-0.25931012630462646
181,nanoparticle_diffusion,-0.9311537146568298
181,release_rate,-25.98851776123047
181,uptake_rate,-0.602634847164154
181,drug_loading,0.47571900486946106
181,tumor_growth_rate,20.58241081237793
181,drug_efficacy,4.2953972816467285
182,particle_size_nm,0.24680601060390472
182,drug_diffusion,-0.03186887502670288
182,nanoparticle_diffusion,0.2827000319957733
182,release_rate,6.047553062438965
182,uptake_rate,-0.4166663587093353
182,drug_loading,-0.14026105403900146
182,tumor_growth_rate,4.317005634307861
182,drug_efficacy,15.540201187133789
183,particle_size_nm,0.033495962619781494
183,drug_diffusion,0.3316645622253418
183,nanoparticle_diffusion,0.5791988968849182
183,release_rate,6.492004871368408
183,uptake_rate,0.9596657752990723
183,drug_loading,-0.2135213315486908
183,tumor_growth_rate,1.8025813102722168
183,drug_efficacy,9.240395545959473
184,particle_size_nm,0.37690842151641846
184,drug_diffusion,0.1668909192085266
184,nanoparticle_diffusion,0.2291281372308731
184,release_rate,6.344887733459473
184,uptake_rate,-0.5769033432006836
184,drug_loading,0.46799322962760925
184,tumor_growth_rate,24.166645050048828
184,drug_efficacy,-13.894251823425293
185,particle_size_nm,0.16964933276176453
185,drug_diffusion,0.24768541753292084
185,nanoparticle_diffusion,0.43560346961021423
185,release_rate,5.270075798034668
185,uptake_rate,-0.22247382998466492
185,drug_loading,-0.042196013033390045
185,tumor_growth_rate,11.710578918457031
185,drug_efficacy,12.048669815063477
186,particle_size_nm,0.0773676335811615
186,drug_diffusion,0.09163371473550797
186,nanoparticle_diffusion,0.3764931559562683
186,release_rate,4.562409400939941
186,uptake_rate,-0.7165027260780334
186,drug_loading,0.20748841762542725
186,tumor_growth_rate,-32.938499450683594
186,drug_efficacy,-8.918437957763672
187,particle_size_nm,0.09245958179235458
187,drug_diffusion,0.0805136188864708
187,nanoparticle_diffusion,0.09651987254619598
187,release_rate,-2.049978017807007
187,uptake_rate,1.0159071683883667
187,drug_loading,-0.00732217263430357
187,tumor_growth_rate,-43.65742492675781
187,drug_efficacy,18.95189094543457
188,particle_size_nm,0.38981345295906067
188,drug_diffusion,-0.09879814833402634
188,nanoparticle_diffusion,-1.10996675491333
188,release_rate,5.686139106750488
188,uptake_rate,0.7869678139686584
188,drug_loading,0.21825170516967773
188,tumor_growth_rate,16.806413650512695
188,drug_efficacy,-3.651658296585083
189,particle_size_nm,-0.2711101472377777
189,drug_diffusion,0.519560694694519
189,nanoparticle_diffusion,0.2594646215438843
189,release_rate,-2.045166254043579
189,uptake_rate,-0.4513675272464752
189,drug_loading,0.5230991244316101
189,tumor_growth_rate,17.087446212768555
189,drug_efficacy,-5.072381496429443
190,particle_size_nm,0.04238748550415039
190,drug_diffusion,0.16719025373458862
190,nanoparticle_diffusion,1.8429524898529053
190,release_rate,5.130460262298584
190,uptake_rate,1.1570485830307007
190,drug_loading,-0.29835307598114014
190,tumor_growth_rate,-34.39817428588867
190,drug_efficacy,18.315614700317383
191,particle_size_nm,0.40968388319015503
191,drug_diffusion,0.08935225009918213
191,nanoparticle_diffusion,-0.6163027286529541
191,release_rate,-8.475137710571289
191,uptake_rate,-0.33111461997032166
191,drug_loading,-0.41201576590538025
191,tumor_growth_rate,-49.218990325927734
191,drug_efficacy,10.82822322845459
192,particle_size_nm,0.23331193625926971
192,drug_diffusion,0.08413152396678925
192,nanoparticle_diffusion,-0.8573695421218872
192,release_rate,9.065427780151367
192,uptake_rate,0.8579710721969604
192,drug_loading,0.1655772626399994
192,tumor_growth_rate,-48.307273864746094
192,drug_efficacy,9.539896011352539
193,particle_size_nm,-0.11360782384872437
193,drug_diffusion,0.5314435362815857
193,nanoparticle_diffusion,0.7060884833335876
193,release_rate,-18.945314407348633
193,uptake_rate,-0.09332644939422607
193,drug_loading,0.9279556274414062
193,tumor_growth_rate,2.0147647857666016
193,drug_efficacy,22.88454246520996
194,particle_size_nm,-0.2544260621070862
194,drug_diffusion,0.04952476918697357
194,nanoparticle_diffusion,-0.12055239081382751
194,release_rate,7.378612518310547
194,uptake_rate,-0.5445709824562073
194,drug_loading,-0.11454862356185913
194,tumor_growth_rate,18.44545555114746
194,drug_efficacy,-27.981027603149414
195,particle_size_nm,-0.12684959173202515
195,drug_diffusion,0.015233938582241535
195,nanoparticle_diffusion,4.260578155517578
195,release_rate,2.3816452026367188
195,uptake_rate,0.1615813672542572
195,drug_loading,0.39475515484809875
195,tumor_growth_rate,-41.275753021240234
195,drug_efficacy,19.924970626831055
196,particle_size_nm,-0.13928446173667908
196,drug_diffusion,-0.14437060058116913
196,nanoparticle_diffusion,-0.9604671597480774
196,release_rate,-0.7379509806632996
196,uptake_rate,-0.7248018980026245
196,drug_loading,0.0579366534948349
196,tumor_growth_rate,18.3037109375
196,drug_efficacy,1.8262301683425903
197,particle_size_nm,-0.13678084313869476
197,drug_diffusion,0.14553911983966827
197,nanoparticle_diffusion,0.4073539972305298
197,release_rate,6.767823219299316
197,uptake_rate,1.0335454940795898
197,drug_loading,0.0442076250910759
197,tumor_growth_rate,-4.800878047943115
197,drug_efficacy,12.910337448120117
198,particle_size_nm,0.9158509969711304
198,drug_diffusion,-0.1861487179994583
198,nanoparticle_diffusion,-0.2501755356788635
198,release_rate,7.067536354064941
198,uptake_rate,-0.7891963124275208
198,drug_loading,0.1574082374572754
198,tumor_growth_rate,25.167129516601562
198,drug_efficacy,-24.87457847595215
199,particle_size_nm,0.2504655122756958
199,drug_diffusion,-0.24336950480937958
199,nanoparticle_diffusion,2.5624217987060547
199,release_rate,1.1005961894989014
199,uptake_rate,1.197778582572937
199,drug_loading,0.03309633582830429
199,tumor_growth_rate,14.828653335571289
199,drug_efficacy,12.70055866241455
